Topic,Count,Name
-1,1994,-1_윤지성_너무_크리스탈_아메리카노
0,656,0_시간연장하기_비아그라시알리스_via597_홈페이지
1,590,1_레비트라구입_드래곤가격_정품드레곤구입방법_강력드레곤구입방법
2,587,2_아이스작대기_작대기샘플_얼음작대기_안전한
3,432,3_시간연장하기_비아그라구입º_비아그라시알리스_ikave9ivfw
4,218,4_정품드레곤구입방법_드래곤구입_드래곤판매_강력드레곤구입방법
5,206,5_아이스잭_아이스를_메탈oa용지_120g
6,165,6_크리스탈_크리스탈이여_크리스탈로_크리스탈이
7,158,7_날씨_벌써_날씨가_훨씬
8,127,8_아니_아닙니다_아니다_아니이
9,110,9_아이스는_드라바니아_작게나마_오늘
10,106,10_크리스탈_크리스탈을_키르히아이스_복면가왕
11,94,11_아메리카노_아니_아이스아메리카노_바닐라
12,92,12_aoa111_via020_패키지특가_비아그라정품
13,89,13_아니_아메리카노_손님_미안해
14,72,14_아이스초코_케이크_초코를_밀크티
15,70,15_으응_도리도리_도리_설마
16,59,16_아메리카노가_아이스아메리카노_아메리카노_아이스아메리카노만
17,57,17_status_도리_감자도리_도리도리
18,55,18_마셔도_그럼_마법사도_검사무기로
19,51,19_맨유_z9p8_발기부전치료_초코시럽
20,46,20_고개를_아니라는_이건_그리고
21,40,21_먹으며_얼죽아_아이스잭_마신다
22,40,22_줘라_줘요_살려줘_뭔가
23,36,23_아이스초코_아프리카_아이스아메리카노랑_아이스아메리카노
24,35,24_박제_도리도리도리_아니야_냐아
25,34,25_도리_도리도리잼잼_자러_도리도리도리도리
26,33,26_아이스데이_immovablesnews_wr_id_bo_table
27,32,27_전화기분실로_아이비입니다_털레그램aoa1000_작대기팝니다
28,32,28_힘을주세요_기프티콘은_역시_jin글벨
29,31,29_나나나ㅠㅠㅠ_아이스초코먹고싶다_크리스탈이에용_결국프랜차이즈물뽕설사
30,30,30_lsd구입_lsd구매사이트_lsd정품구입_lsd판매사이트
31,29,31_강제_wj3unqkfvz_생애_zmfhxlmu1e
32,29,32_nnjj33_언제든편하게_펜토바르비탈_구입방법
33,27,33_영화를_얼굴로_손으로_당신의
34,26,34_짜란다_ㅋㅋ_ㅋㅋㅋㅋㅋㅋㅋㅋㅋㅋㅋㅋㅋㅋㅋㅋㅋㅋㅋㅋㅋㅋㅋㅋㅋㅋㅋㅋㅋㅋㅋㅋㅋㅋㅋ_밝히게
35,26,35_aldk777_정품드레곤구입방법_레비트라구입_강력드레곤구입방법
36,26,36_eb_8f_ac_84
37,26,37_도리_끄덕_도리도리도리_찍찍찍
38,25,38_안되_아이스쟝_보고싶어어ㅓㅓㅓ_아이스아이메리크ㅠㅚ
39,25,39_크리스탈_ntiwcko1dt_x9deym6axg_크라우스상
40,24,40_bts_bts_twt_bbmastopsocial_티르소스
41,23,41_아이스베어_photos_iceparisshttps_r3cib6bdo8
42,23,42_얼굴도리도리_반응이_아라선배랑_가이아자
43,22,43_추가_차가운거_moaboza_백은
44,22,44_아이스초코_l9mprk1xms_sykgpzf9ny_아이스방에
46,21,46_ace2017문의11117샘플_ace2017문의1111990_ace2017문의_ace2017문의0
45,21,45_aldk777_강력드레곤구입방법_정품드레곤구입방법_xsrcb4gmg4
48,21,48_monday_monday3_30g_정품
47,21,47_테이핑만_궁금해서_먹을려교_컨셉은
49,20,49_만화책_아이스페_안하는거임_들어올
50,20,50_분탱_트친하시면_zcbi8lrbbt_유스베리티입니다
51,20,51_저희_전문적으로_대물이라고_아이스만
52,19,52_achu222_아이스정품구입_정품허브구입_얼음구입방법
53,18,53_판타지아_가타여_아테나_아이스도라곤
54,18,54_전혀_저으며_아니에요_피곤하실테니
55,18,55_ps9m9x631s_pvztjpsrn2_g6741k0sux_3wzdwqmz1g
56,17,56_도리_도리도리도리도리_고개도리도리_도리도리도리도리도리도리도리도리
57,17,57_instagram_igshid_ig_twitter_share_셀프인테리어
58,16,58_achu222_캔디구입처_정품아이스작대기판매_도리도리정품구매
59,16,59_icekoreanpic_icekorean_ice_판타지아
60,15,60_작대기구합니다_wattpad_wattpadhttps_작대기구입
61,15,61_나에게_손을_연어_당당해짐
65,14,65_만들어주자_아이스루어모듈을_악마의상이요_아이스하트다
63,14,63_아이스슈기_아이스쿠림_e1wcz5p0gh_종석픽
64,14,64_uhd5ansx3f_고맙긴요_피곤해요_잘거에요
62,14,62_아이들_여친_다이아_모랜
69,14,69_krystal_에프엑스_정수정_bracelet
67,14,67_명품아이스의_아이스작대기팝니다_얼음술팝니다_크리스탈삽니다
68,14,68_도리도리미도리_밉지_입술_절대
66,14,66_작대기판매_아이스판매_문의주세요_사절합니다
70,13,70_비아그라부작용_발기부전치료_일본지진_오사카지진
71,13,71_아이스초코사쥼_yrtpxlv64b_상콤상콤한_xcwsio3cdk
72,13,72_너는_안해_기울이다가_순영이가
73,12,73_국이_모구모구_속이_기본적으로
74,12,74_윤지성_고화질_윤지성_사랑해_린온미
75,12,75_강다니엘_네이버_출처_naver
76,12,76_힘드렁_네엥_버스정류장이_기본세팅으루
77,12,77_소프트크림_프리코네도_아이스초코토핑_아이스킁림
78,11,78_youtube_썰tv_youtu_video
79,11,79_직거래_xoxoice_전문_ice
